rm_id,Region,Client_ID,Client_Segment,Transaction_id,Transaction_date,Delivery_Equity_Revenue_HouseCall,Delivery_Equity_Revenue_NonHouseCall,Cash_Intraday_Revenue_HouseCall,Cash_Intraday_Revenue_NonHouseCall,FnO_Revenue_NonHouseCall,FnO_Revenue_HouseCall,Commodity_Revenue_HouseCall,Commodity_Revenue_NonHouseCall,offline_revenue,online_revenue,net_revenue
RM_0040,Central,CL_00715,Ultra HNI,TXN_0015001,2026-06-20,0.0,3313.27,0.0,0.0,0.0,0.0,0.0,20229.37,0.0,23542.64,23542.64
RM_0053,North,CL_00148,Retail,TXN_0015002,2026-06-20,0.0,0.0,0.0,9416.12,0.0,0.0,0.0,7936.74,0.0,17352.86,17352.86
RM_0001,East,CL_00650,Retail,TXN_0015003,2026-06-20,0.0,0.0,0.0,0.0,19933.85,0.0,2358.59,4177.87,2358.59,24111.72,26470.31
RM_0033,West,CL_00132,HNI,TXN_0015004,2026-06-20,0.0,4751.79,13835.03,0.0,0.0,0.0,19767.35,0.0,33602.38,4751.79,38354.17
RM_0001,East,CL_00791,Retail,TXN_0015005,2026-06-20,16653.32,9842.13,13356.24,5434.9,0.0,0.0,0.0,0.0,30009.56,15277.03,45286.59
RM_0008,South,CL_00323,Retail,TXN_0015006,2026-06-20,0.0,15508.85,0.0,0.0,0.0,14847.45,17491.65,20776.2,32339.1,36285.05,69030.19
RM_0057,West,CL_00752,Retail,TXN_0015007,2026-06-20,0.0,0.0,0.0,20556.78,0.0,11637.71,0.0,1946.61,11637.71,22503.39,34141.1
RM_0056,North,CL_00179,HNI,TXN_0015008,2026-06-20,0.0,0.0,17646.43,0.0,15881.71,0.0,0.0,17299.59,17646.43,33181.3,50827.73
RM_0033,West,CL_00701,Retail,TXN_0015009,2026-06-20,0.0,0.0,11139.43,0.0,6610.33,0.0,13411.98,0.0,24551.41,6610.33,31161.74
RM_0064,East,CL_00250,Retail,TXN_0015010,2026-06-20,0.0,0.0,10681.37,0.0,0.0,0.0,0.0,19866.86,10681.37,19866.86,30548.23
RM_0060,Central,CL_00607,Retail,TXN_0015011,2026-06-20,6043.79,0.0,0.0,12580.45,0.0,5808.22,0.0,0.0,11852.01,12580.45,24432.46
RM_0010,Central,CL_00141,Retail,TXN_0015012,2026-06-20,0.0,0.0,9410.04,0.0,0.0,0.0,0.0,0.0,9410.04,0.0,9410.04
RM_0039,East,CL_00885,Retail,TXN_0015013,2026-06-20,0.0,0.0,0.0,0.0,0.0,10800.64,0.0,15582.35,10800.64,15582.35,26382.99
RM_0053,North,CL_00497,Retail,TXN_0015014,2026-06-20,0.0,0.0,0.0,0.0,0.0,0.0,0.0,5378.96,0.0,5378.96,5378.96
RM_0022,North,CL_00669,HNI,TXN_0015015,2026-06-20,0.0,0.0,0.0,5765.07,3179.96,0.0,0.0,0.0,0.0,8945.03,8945.03
RM_0049,East,CL_00409,HNI,TXN_0015016,2026-06-20,0.0,10729.02,0.0,0.0,0.0,0.0,0.0,6749.08,0.0,17478.1,17478.1
RM_0041,North,CL_00420,Corporate,TXN_0015017,2026-06-20,0.0,0.0,0.0,0.0,7994.2,0.0,17087.85,3485.68,17087.85,11479.88,28567.73
RM_0053,North,CL_00833,Retail,TXN_0015018,2026-06-20,4890.97,0.0,13205.64,6932.59,0.0,21689.15,0.0,0.0,39785.76,6932.59,46718.35
RM_0028,South,CL_00352,Retail,TXN_0015019,2026-06-20,3407.15,21773.95,0.0,7084.33,0.0,0.0,0.0,0.0,3407.15,28858.28,32265.43
RM_0004,South,CL_00560,Corporate,TXN_0015020,2026-06-20,0.0,0.0,7156.81,0.0,13784.77,0.0,0.0,0.0,7156.81,13784.77,20941.58
RM_0043,Central,CL_00197,Ultra HNI,TXN_0015021,2026-06-20,0.0,11987.07,0.0,8302.29,0.0,0.0,14617.38,21944.61,14617.38,42233.97,56851.35
RM_0001,East,CL_00072,Retail,TXN_0015022,2026-06-20,17386.92,0.0,0.0,0.0,15738.9,6669.46,0.0,0.0,24056.38,15738.9,39795.28
RM_0015,West,CL_00008,HNI,TXN_0015023,2026-06-20,6868.73,0.0,0.0,0.0,8057.03,0.0,0.0,0.0,6868.73,8057.03,14925.76
RM_0033,West,CL_00044,HNI,TXN_0015024,2026-06-20,0.0,0.0,13618.26,0.0,0.0,0.0,16611.14,0.0,30229.4,0.0,30229.4
RM_0049,East,CL_00358,Retail,TXN_0015025,2026-06-20,6421.07,0.0,0.0,9019.51,0.0,0.0,0.0,0.0,6421.07,9019.51,15440.58
RM_0017,East,CL_00640,HNI,TXN_0015026,2026-06-20,0.0,0.0,0.0,0.0,0.0,9360.51,0.0,14096.57,9360.51,14096.57,23457.08
RM_0039,East,CL_00736,Retail,TXN_0015027,2026-06-20,18787.49,0.0,0.0,0.0,0.0,0.0,0.0,0.0,18787.49,0.0,18787.49
RM_0010,Central,CL_00805,HNI,TXN_0015028,2026-06-20,0.0,0.0,6940.98,0.0,0.0,12489.73,0.0,0.0,19430.71,0.0,19430.71
RM_0058,West,CL_00466,HNI,TXN_0015029,2026-06-20,0.0,7884.86,0.0,0.0,0.0,0.0,0.0,0.0,0.0,7884.86,7884.86
RM_0002,North,CL_00180,HNI,TXN_0015030,2026-06-20,0.0,16363.41,0.0,0.0,0.0,0.0,0.0,0.0,0.0,16363.41,16363.41
RM_0040,Central,CL_00277,HNI,TXN_0015031,2026-06-20,0.0,15725.58,19253.53,16823.2,0.0,0.0,7719.73,0.0,26973.26,32548.78,59522.04
RM_0060,Central,CL_00676,Retail,TXN_0015032,2026-06-20,0.0,19675.78,0.0,2803.34,0.0,15713.1,0.0,0.0,15713.1,22479.12,38192.22
RM_0039,East,CL_00598,HNI,TXN_0015033,2026-06-20,0.0,3402.57,0.0,0.0,0.0,0.0,0.0,0.0,0.0,3402.57,3402.57
RM_0004,South,CL_00168,Corporate,TXN_0015034,2026-06-20,0.0,0.0,0.0,0.0,0.0,9803.22,0.0,5939.44,9803.22,5939.44,15742.66
RM_0004,South,CL_00453,Retail,TXN_0015035,2026-06-20,0.0,19451.54,0.0,0.0,0.0,0.0,0.0,0.0,0.0,19451.54,19451.54
RM_0017,East,CL_00602,Ultra HNI,TXN_0015036,2026-06-20,11795.89,9248.68,0.0,0.0,0.0,21490.72,0.0,0.0,33286.61,9248.68,42535.29
RM_0039,East,CL_00262,Retail,TXN_0015037,2026-06-20,1825.04,0.0,0.0,6303.13,0.0,0.0,0.0,0.0,1825.04,6303.13,8128.17
RM_0056,North,CL_00891,HNI,TXN_0015038,2026-06-20,0.0,0.0,0.0,9950.63,1920.9,0.0,0.0,0.0,0.0,11871.53,11871.53
RM_0053,North,CL_00807,HNI,TXN_0015039,2026-06-20,0.0,0.0,16495.43,0.0,0.0,0.0,0.0,0.0,16495.43,0.0,16495.43
RM_0039,East,CL_00374,Retail,TXN_0015040,2026-06-20,0.0,0.0,3769.69,0.0,0.0,0.0,0.0,0.0,3769.69,0.0,3769.69
RM_0004,South,CL_00104,Retail,TXN_0015041,2026-06-20,0.0,0.0,0.0,8294.95,0.0,2556.13,0.0,7495.14,2556.13,15790.09,18346.22
RM_0039,East,CL_00006,Retail,TXN_0015042,2026-06-20,11317.14,0.0,0.0,0.0,9345.7,20773.3,15001.35,0.0,47091.79,9345.7,56437.49
RM_0006,East,CL_00520,HNI,TXN_0015043,2026-06-20,0.0,0.0,0.0,11282.14,15946.13,0.0,0.0,0.0,0.0,27228.27,27228.27
RM_0027,North,CL_00884,HNI,TXN_0015044,2026-06-20,21310.24,0.0,0.0,0.0,0.0,0.0,21394.59,3083.37,42704.83,3083.37,45788.2
RM_0002,North,CL_00494,Retail,TXN_0015045,2026-06-20,0.0,0.0,0.0,4050.77,0.0,0.0,0.0,0.0,0.0,4050.77,4050.77
RM_0043,Central,CL_00781,Retail,TXN_0015046,2026-06-20,0.0,0.0,19578.72,0.0,0.0,0.0,15691.72,0.0,35270.44,0.0,35270.44
RM_0004,South,CL_00836,HNI,TXN_0015047,2026-06-20,12658.47,0.0,0.0,0.0,12344.88,0.0,0.0,0.0,12658.47,12344.88,25003.35
RM_0006,East,CL_00381,Retail,TXN_0015048,2026-06-20,0.0,18880.44,7781.27,0.0,0.0,13556.29,4971.22,0.0,26308.78,18880.44,45189.22
RM_0033,West,CL_00612,HNI,TXN_0015049,2026-06-20,0.0,0.0,0.0,0.0,15233.75,19947.27,6153.85,0.0,26101.12,15233.75,41334.87
RM_0002,North,CL_00241,HNI,TXN_0015050,2026-06-20,0.0,10848.4,0.0,0.0,0.0,0.0,542.08,0.0,542.08,10848.4,11390.48
RM_0043,Central,CL_00781,Retail,TXN_0015051,2026-06-20,0.0,0.0,0.0,0.0,0.0,0.0,4112.77,0.0,4112.77,0.0,4112.77
RM_0035,North,CL_00513,Retail,TXN_0015052,2026-06-20,6668.28,15197.21,0.0,0.0,0.0,0.0,0.0,20782.36,6668.28,35979.57,42647.85
RM_0007,South,CL_00452,Ultra HNI,TXN_0015053,2026-06-20,0.0,20075.18,18724.58,0.0,0.0,0.0,0.0,12591.68,18724.58,32666.86,51391.44
RM_0043,Central,CL_00567,Retail,TXN_0015054,2026-06-20,0.0,4875.0,12216.53,0.0,4133.63,0.0,0.0,0.0,12216.53,9008.63,21225.16
RM_0008,South,CL_00164,HNI,TXN_0015055,2026-06-20,3172.39,14481.47,0.0,0.0,0.0,9589.47,0.0,14867.54,12761.86,29349.01,42110.87
RM_0047,Central,CL_00137,Corporate,TXN_0015056,2026-06-20,9769.28,0.0,0.0,6007.31,0.0,0.0,0.0,0.0,9769.28,6007.31,15776.59
RM_0058,West,CL_00021,HNI,TXN_0015057,2026-06-20,0.0,0.0,0.0,0.0,0.0,19652.2,0.0,0.0,19652.2,0.0,19652.2
RM_0033,West,CL_00758,Retail,TXN_0015058,2026-06-20,10413.75,3853.13,0.0,0.0,0.0,683.49,0.0,0.0,11097.24,3853.13,14950.37
RM_0015,West,CL_00696,Retail,TXN_0015059,2026-06-20,0.0,8776.11,0.0,0.0,0.0,15349.23,9321.57,0.0,24670.8,8776.11,33446.91
RM_0037,South,CL_00113,Retail,TXN_0015060,2026-06-20,0.0,20029.49,0.0,12978.15,0.0,0.0,0.0,0.0,0.0,33007.64,33007.64
RM_0015,West,CL_00720,Retail,TXN_0015061,2026-06-20,0.0,9325.82,12580.03,0.0,0.0,0.0,0.0,0.0,12580.03,9325.82,21905.85
RM_0022,North,CL_00401,HNI,TXN_0015062,2026-06-20,0.0,0.0,0.0,0.0,4118.33,0.0,0.0,0.0,0.0,4118.33,4118.33
RM_0010,,CL_00805,HNI,TXN_0015063,2026-06-20,0.0,21368.58,0.0,0.0,0.0,7539.84,0.0,0.0,7539.84,21368.58,28908.42
RM_0002,North,CL_00898,HNI,TXN_0015064,2026-06-20,0.0,0.0,10316.63,0.0,0.0,14662.44,21296.51,5866.02,46275.58,5866.02,52141.6
RM_0058,West,CL_00652,Retail,TXN_0015065,2026-06-20,0.0,0.0,0.0,10998.88,0.0,0.0,0.0,18354.09,0.0,29352.97,29352.97
RM_0056,North,CL_00536,Retail,TXN_0015066,2026-06-20,0.0,0.0,0.0,0.0,0.0,0.0,15752.3,0.0,15752.3,0.0,15752.3
RM_0015,West,CL_00521,Retail,TXN_0015067,2026-06-20,0.0,0.0,634.11,0.0,0.0,2984.52,0.0,21879.06,3618.63,21879.06,25497.69
RM_0001,East,CL_00072,Retail,TXN_0015068,2026-06-20,0.0,6816.95,0.0,8535.6,0.0,0.0,0.0,0.0,0.0,15352.55,15352.55
RM_0058,West,CL_00574,Retail,TXN_0015069,2026-06-20,0.0,4717.31,16347.13,21502.09,2136.53,0.0,0.0,0.0,16347.13,28355.93,44703.06
RM_0052,West,CL_00144,Retail,TXN_0015070,2026-06-20,7125.0,9706.15,0.0,0.0,0.0,0.0,0.0,11026.62,7125.0,20732.77,27857.77
RM_0016,East,CL_00122,Retail,TXN_0015071,2026-06-20,0.0,0.0,0.0,0.0,19901.92,20951.97,0.0,0.0,20951.97,19901.92,40853.89
RM_0028,South,CL_00533,Retail,TXN_0015072,2026-06-20,0.0,0.0,0.0,21727.55,0.0,9179.2,17332.34,8580.15,26511.54,30307.7,56819.24
RM_0002,North,CL_00479,Corporate,TXN_0015073,2026-06-20,0.0,0.0,0.0,12286.18,0.0,3086.17,14561.13,0.0,17647.3,12286.18,29933.48
RM_0009,West,CL_00339,HNI,TXN_0015074,2026-06-20,17130.35,15984.89,0.0,0.0,15487.48,0.0,7445.75,0.0,24576.1,31472.37,56048.47
RM_0052,West,CL_00385,Retail,TXN_0015075,2026-06-20,3161.35,1074.95,0.0,0.0,0.0,0.0,0.0,976.71,3161.35,2051.66,5213.01
RM_0012,East,CL_00702,Retail,TXN_0015076,2026-06-20,20270.66,0.0,16946.69,0.0,0.0,16067.19,7934.17,0.0,61218.71,0.0,61218.71
RM_0053,North,CL_00497,Retail,TXN_0015077,2026-06-20,0.0,0.0,21038.01,0.0,11726.26,0.0,0.0,0.0,21038.01,11726.26,32764.27
RM_0006,East,CL_00825,Retail,TXN_0015078,2026-06-20,17020.56,0.0,0.0,13914.84,15642.92,1908.55,0.0,0.0,18929.11,29557.76,48486.87
RM_0004,South,CL_00418,HNI,TXN_0015079,2026-06-20,0.0,14076.44,14396.31,6299.86,0.0,0.0,0.0,0.0,14396.31,20376.3,34772.61
RM_0053,North,CL_00770,HNI,TXN_0015080,2026-06-20,0.0,0.0,0.0,0.0,0.0,1798.98,0.0,0.0,1798.98,0.0,1798.98
RM_0004,South,CL_00814,Retail,TXN_0015081,2026-06-20,20070.66,10434.51,0.0,14866.23,0.0,10278.34,0.0,0.0,30349.0,25300.74,55649.74
RM_0004,South,CL_00483,HNI,TXN_0015082,2026-06-20,0.0,0.0,0.0,1091.62,0.0,1257.59,0.0,6519.86,1257.59,7611.48,8869.07
RM_0033,West,CL_00703,Retail,TXN_0015083,2026-06-20,0.0,0.0,0.0,0.0,0.0,0.0,0.0,20325.44,0.0,20325.44,20325.44
RM_0028,South,CL_00046,Corporate,TXN_0015084,2026-06-20,0.0,0.0,0.0,0.0,8363.95,2498.08,0.0,0.0,2498.08,8363.95,10862.03
RM_0058,West,CL_00543,HNI,TXN_0015085,2026-06-20,1369.83,0.0,4101.14,0.0,13100.75,1313.07,0.0,0.0,6784.04,13100.75,19884.79
RM_0028,South,CL_00045,Retail,TXN_0015086,2026-06-20,18021.96,13085.8,0.0,0.0,0.0,0.0,0.0,0.0,18021.96,13085.8,31107.76
RM_0004,South,CL_00007,Retail,TXN_0015087,2026-06-20,0.0,0.0,17380.06,3918.17,2536.63,0.0,0.0,0.0,17380.06,6454.8,23834.86
RM_0015,West,CL_00748,HNI,TXN_0015088,2026-06-20,17224.78,0.0,0.0,0.0,13278.13,16167.69,0.0,0.0,33392.47,13278.13,46670.6
RM_0047,Central,CL_00017,Retail,TXN_0015089,2026-06-20,0.0,0.0,0.0,20632.35,0.0,0.0,9977.04,0.0,9977.04,20632.35,30609.39
RM_0033,West,CL_00138,Retail,TXN_0015090,2026-06-20,13119.8,0.0,0.0,0.0,6212.64,0.0,0.0,0.0,13119.8,6212.64,19332.44
RM_0058,West,CL_00466,HNI,TXN_0015091,2026-06-20,0.0,0.0,0.0,0.0,0.0,0.0,10962.23,16866.98,10962.23,16866.98,27829.21
RM_0058,West,CL_00575,HNI,TXN_0015092,2026-06-20,0.0,1939.9,0.0,19050.1,0.0,16020.56,0.0,12344.26,16020.56,33334.26,49354.82
RM_0022,North,CL_00580,HNI,TXN_0015093,2026-06-20,0.0,0.0,0.0,0.0,3057.67,0.0,0.0,0.0,0.0,3057.67,3057.67
RM_0047,Central,CL_00201,Retail,TXN_0015094,2026-06-20,18686.99,0.0,15993.7,0.0,0.0,0.0,0.0,5425.21,34680.69,5425.21,40105.9
RM_0028,South,CL_00264,Ultra HNI,TXN_0015095,2026-06-20,13774.93,0.0,0.0,0.0,0.0,0.0,0.0,0.0,13774.93,0.0,13774.93
RM_0033,West,CL_00367,HNI,TXN_0015096,2026-06-20,0.0,0.0,0.0,0.0,16992.52,0.0,0.0,0.0,0.0,16992.52,16992.52
RM_0022,North,CL_00309,Retail,TXN_0015097,2026-06-20,0.0,18939.49,3525.77,0.0,0.0,0.0,0.0,0.0,3525.77,18939.49,22465.26
RM_0040,Central,CL_00277,HNI,TXN_0015098,2026-06-20,0.0,0.0,0.0,0.0,14851.93,8073.78,0.0,11461.8,8073.78,26313.73,34387.51
RM_0043,Central,CL_00567,Retail,TXN_0015099,2026-06-20,0.0,0.0,0.0,0.0,8386.84,0.0,0.0,0.0,0.0,8386.84,8386.84
RM_0033,West,CL_00138,Retail,TXN_0015100,2026-06-20,0.0,19027.65,1288.5,0.0,16989.06,20284.38,0.0,0.0,21572.88,36016.71,57589.59
RM_0004,South,CL_00661,Retail,TXN_0015101,2026-06-20,0.0,0.0,0.0,0.0,0.0,0.0,13600.1,13926.18,13600.1,13926.18,27526.28
RM_0007,South,CL_00485,Retail,TXN_0015102,2026-06-20,0.0,0.0,0.0,0.0,0.0,0.0,0.0,6657.63,0.0,6657.63,6657.63
RM_0037,South,CL_00198,HNI,TXN_0015103,2026-06-20,0.0,0.0,0.0,0.0,0.0,0.0,2774.67,0.0,2774.67,0.0,2774.67
RM_0052,West,CL_00870,HNI,TXN_0015104,2026-06-20,0.0,0.0,0.0,0.0,0.0,21541.54,0.0,1795.69,21541.54,1795.69,23337.23
RM_0012,East,CL_00685,Retail,TXN_0015105,2026-06-20,0.0,8623.13,0.0,0.0,554.09,0.0,0.0,12510.05,0.0,21687.27,21687.27
RM_0053,North,CL_00284,HNI,TXN_0015106,2026-06-20,0.0,3824.91,0.0,0.0,0.0,9843.68,0.0,0.0,9843.68,3824.91,13668.59
RM_0001,East,CL_00222,Retail,TXN_0015107,2026-06-20,9098.99,0.0,0.0,0.0,0.0,0.0,0.0,0.0,9098.99,0.0,9098.99
RM_0043,Central,CL_00794,Corporate,TXN_0015108,2026-06-20,0.0,0.0,0.0,0.0,0.0,0.0,0.0,14262.64,0.0,14262.64,14262.64
RM_0047,Central,CL_00596,Retail,TXN_0015109,2026-06-20,0.0,0.0,13947.93,16626.26,0.0,0.0,0.0,17940.45,13947.93,34566.71,48514.64
RM_0033,West,CL_00402,HNI,TXN_0015110,2026-06-20,4840.83,13892.09,0.0,0.0,0.0,0.0,0.0,10112.75,4840.83,24004.84,28845.67
RM_0015,West,CL_00748,HNI,TXN_0015111,2026-06-20,21467.98,2288.67,0.0,0.0,0.0,7124.6,0.0,0.0,28592.58,2288.67,30881.25
RM_0002,North,CL_00403,HNI,TXN_0015112,2026-06-20,0.0,0.0,0.0,6552.79,0.0,0.0,0.0,16805.95,0.0,23358.74,23358.74
RM_0047,Central,CL_00732,Retail,TXN_0015113,2026-06-20,0.0,12051.51,0.0,0.0,0.0,9396.54,0.0,0.0,9396.54,12051.51,21448.05
RM_0027,North,CL_00448,Retail,TXN_0015114,2026-06-20,0.0,0.0,0.0,0.0,0.0,21632.09,0.0,10224.22,21632.09,10224.22,31856.31
RM_0041,North,CL_00496,HNI,TXN_0015115,2026-06-20,0.0,0.0,0.0,0.0,0.0,0.0,21083.22,20120.43,21083.22,20120.43,41203.65
RM_0027,North,CL_00097,Retail,TXN_0015116,2026-06-20,15320.33,0.0,0.0,17888.9,11848.5,0.0,0.0,1306.72,15320.33,31044.12,46364.45
RM_0060,Central,CL_00523,HNI,TXN_0015117,2026-06-20,0.0,6248.93,0.0,8349.23,0.0,0.0,0.0,0.0,0.0,14598.16,14598.16
RM_0040,Central,CL_00641,Ultra HNI,TXN_0015118,2026-06-20,0.0,0.0,1260.64,0.0,2020.05,0.0,9423.49,0.0,10684.13,2020.05,12704.18
RM_0033,West,CL_00745,Retail,TXN_0015119,2026-06-20,14297.27,0.0,0.0,0.0,0.0,0.0,0.0,0.0,14297.27,0.0,14297.27
RM_0033,West,CL_00540,Corporate,TXN_0015120,2026-06-20,0.0,10840.64,1211.55,2546.05,0.0,5347.47,0.0,0.0,6559.02,13386.69,19945.71
RM_0033,West,CL_00837,Retail,TXN_0015121,2026-06-20,13487.9,0.0,0.0,6752.04,0.0,1863.02,0.0,0.0,15350.92,6752.04,22102.96
RM_0049,East,CL_00723,Retail,TXN_0015122,2026-06-20,0.0,0.0,4484.07,0.0,0.0,0.0,0.0,0.0,4484.07,0.0,4484.07
RM_0004,South,CL_00007,Retail,TXN_0015123,2026-06-20,0.0,10549.57,19804.27,11143.57,0.0,0.0,0.0,0.0,19804.27,21693.14,41497.41
RM_0022,North,CL_00899,Retail,TXN_0015124,2026-06-20,0.0,3808.53,709.58,0.0,5044.95,0.0,0.0,13256.21,709.58,22109.69,22819.27
RM_0016,East,CL_00590,HNI,TXN_0015125,2026-06-20,0.0,0.0,0.0,0.0,0.0,0.0,1786.4,0.0,1786.4,0.0,1786.4
RM_0039,East,CL_00254,Retail,TXN_0015126,2026-06-20,0.0,20814.62,0.0,0.0,0.0,0.0,0.0,6437.15,0.0,27251.77,27251.77
RM_0006,East,CL_00796,Retail,TXN_0015127,2026-06-20,0.0,14139.33,14923.35,0.0,3905.04,0.0,0.0,9886.42,14923.35,27930.79,42854.14
RM_0033,,CL_00690,HNI,TXN_0015128,2026-06-20,12600.1,9935.38,18570.67,0.0,0.0,0.0,0.0,0.0,31170.77,9935.38,41106.15
RM_0028,South,CL_00275,HNI,TXN_0015129,2026-06-20,0.0,0.0,0.0,0.0,0.0,0.0,0.0,17245.33,0.0,17245.33,17245.33
RM_0043,Central,CL_00306,Retail,TXN_0015130,2026-06-20,0.0,0.0,0.0,9251.82,0.0,0.0,0.0,21839.57,0.0,31091.39,31091.39
RM_0002,North,CL_00581,HNI,TXN_0015131,2026-06-20,6750.45,0.0,0.0,0.0,1069.26,2335.64,0.0,0.0,9086.09,1069.26,10155.35
RM_0044,South,CL_00801,HNI,TXN_0015132,2026-06-20,0.0,0.0,0.0,0.0,0.0,0.0,13096.41,21977.43,13096.41,21977.43,35073.84
RM_0002,North,CL_00618,Retail,TXN_0015133,2026-06-20,0.0,13686.76,0.0,0.0,0.0,0.0,0.0,0.0,0.0,13686.76,13686.76
RM_0039,East,CL_00736,Retail,TXN_0015134,2026-06-20,1945.97,19907.59,0.0,0.0,0.0,14451.15,0.0,6322.52,16397.12,26230.11,42627.23
RM_0037,South,CL_00345,Retail,TXN_0015135,2026-06-20,0.0,17139.21,19189.09,0.0,0.0,0.0,786.83,0.0,19975.92,17139.21,37115.13
RM_0015,West,CL_00059,HNI,TXN_0015136,2026-06-20,0.0,0.0,0.0,0.0,0.0,0.0,16156.3,21824.46,16156.3,21824.46,37980.76
RM_0028,South,CL_00533,Retail,TXN_0015137,2026-06-20,0.0,0.0,0.0,0.0,19961.46,0.0,0.0,0.0,0.0,19961.46,19961.46
RM_0017,East,CL_00022,Retail,TXN_0015138,2026-06-20,0.0,15411.34,12647.51,0.0,0.0,8939.79,0.0,0.0,21587.3,15411.34,36998.64
RM_0017,East,CL_00373,Corporate,TXN_0015139,2026-06-20,0.0,11230.54,0.0,0.0,21704.22,0.0,0.0,0.0,0.0,32934.76,32934.76
RM_0053,North,CL_00850,HNI,TXN_0015140,2026-06-20,5504.55,0.0,11392.26,0.0,6628.3,0.0,0.0,12016.55,16896.81,18644.85,35541.66
RM_0006,East,CL_00881,HNI,TXN_0015141,2026-06-20,0.0,544.39,0.0,0.0,0.0,0.0,0.0,0.0,0.0,544.39,544.39
RM_0043,Central,CL_00192,Retail,TXN_0015142,2026-06-20,3317.59,0.0,0.0,0.0,19164.87,0.0,0.0,0.0,3317.59,19164.87,22482.46
RM_0002,North,CL_00403,HNI,TXN_0015143,2026-06-20,0.0,0.0,18413.44,0.0,8242.9,0.0,4548.43,0.0,22961.87,8242.9,31204.77
RM_0060,Central,CL_00344,Retail,TXN_0015144,2026-06-20,0.0,0.0,7550.1,13634.27,1772.66,0.0,0.0,0.0,7550.1,15406.93,22957.03
RM_0027,North,CL_00503,HNI,TXN_0015145,2026-06-20,0.0,0.0,0.0,0.0,0.0,12411.58,6064.02,7185.77,18475.6,7185.77,25661.37
RM_0015,West,CL_00425,HNI,TXN_0015146,2026-06-20,21277.57,0.0,12317.62,0.0,0.0,0.0,0.0,0.0,33595.19,0.0,33595.19
RM_0017,East,CL_00070,Retail,TXN_0015147,2026-06-20,10701.46,0.0,19196.93,0.0,14524.72,0.0,0.0,0.0,29898.39,14524.72,44423.11
RM_0049,East,CL_00883,Ultra HNI,TXN_0015148,2026-06-20,0.0,0.0,4984.58,0.0,0.0,0.0,0.0,6923.62,4984.58,6923.62,11908.2
RM_0045,East,CL_00576,Retail,TXN_0015149,2026-06-20,8375.94,0.0,849.59,0.0,0.0,0.0,0.0,0.0,9225.53,0.0,9225.53
RM_0053,North,CL_00131,Retail,TXN_0015150,2026-06-20,13302.62,0.0,0.0,16243.36,0.0,0.0,0.0,12588.23,13302.62,28831.59,42134.21
RM_0033,West,CL_00666,Retail,TXN_0015151,2026-06-20,4340.03,0.0,0.0,11220.65,0.0,0.0,0.0,0.0,4340.03,11220.65,15560.68
RM_0039,East,CL_00156,HNI,TXN_0015152,2026-06-20,0.0,0.0,0.0,0.0,2821.01,0.0,0.0,0.0,0.0,2821.01,2821.01
RM_0004,South,CL_00504,HNI,TXN_0015153,2026-06-20,0.0,0.0,0.0,0.0,0.0,14616.39,0.0,0.0,14616.39,0.0,14616.39
RM_0059,Central,CL_00208,Retail,TXN_0015154,2026-06-20,0.0,19172.61,7282.88,0.0,0.0,0.0,0.0,0.0,7282.88,19172.61,26455.49
RM_0004,South,CL_00377,Ultra HNI,TXN_0015155,2026-06-20,0.0,0.0,0.0,0.0,0.0,0.0,13039.6,20245.44,13039.6,20245.44,33285.04
RM_0057,West,CL_00073,Retail,TXN_0015156,2026-06-20,1010.3,0.0,0.0,0.0,16637.29,0.0,0.0,0.0,1010.3,16637.29,17826.56
RM_0027,North,CL_00087,Retail,TXN_0015157,2026-06-20,0.0,833.92,8454.74,0.0,0.0,0.0,0.0,6411.95,8454.74,7245.87,15700.61
RM_0028,South,CL_00206,Retail,TXN_0015158,2026-06-20,0.0,0.0,19373.17,0.0,0.0,0.0,0.0,8845.6,19373.17,8845.6,28218.77
RM_0058,West,CL_00673,HNI,TXN_0015159,2026-06-20,11024.35,0.0,0.0,20820.35,0.0,0.0,0.0,15565.05,11024.35,36385.4,47409.75
RM_0007,South,CL_00452,Ultra HNI,TXN_0015160,2026-06-20,5258.26,11941.87,4145.05,0.0,0.0,0.0,0.0,0.0,9403.31,11941.87,21345.18
RM_0035,North,CL_00513,Retail,TXN_0015161,2026-06-20,16613.19,0.0,0.0,16555.39,1396.28,0.0,0.0,13275.33,16613.19,31227.0,47840.19
RM_0002,North,CL_00316,HNI,TXN_0015162,2026-06-20,12207.66,0.0,19587.0,15065.21,0.0,0.0,0.0,5792.16,31794.66,20857.37,52652.03
RM_0015,West,CL_00067,Retail,TXN_0015163,2026-06-20,0.0,0.0,20900.7,0.0,20084.24,0.0,13710.74,0.0,34611.44,20084.24,54695.68
RM_0053,North,CL_00284,HNI,TXN_0015164,2026-06-20,2826.33,0.0,0.0,10131.83,0.0,0.0,12423.85,0.0,15250.18,10131.83,25382.01
RM_0016,East,CL_00060,HNI,TXN_0015165,2026-06-20,0.0,0.0,0.0,0.0,1565.25,0.0,0.0,0.0,0.0,1565.25,1565.25
RM_0037,South,CL_00785,Retail,TXN_0015166,2026-06-20,0.0,19880.63,7969.04,0.0,0.0,0.0,17378.94,0.0,25347.98,19880.63,45228.61
RM_0033,West,CL_00843,Retail,TXN_0015167,2026-06-20,0.0,0.0,0.0,18884.34,0.0,0.0,9257.4,0.0,9257.4,18884.34,28141.74
RM_0056,North,CL_00236,HNI,TXN_0015168,2026-06-20,0.0,0.0,0.0,12499.7,0.0,10627.69,0.0,0.0,10627.69,12499.7,23127.39
RM_0060,Central,CL_00344,Retail,TXN_0015169,2026-06-20,14334.07,0.0,0.0,0.0,0.0,0.0,0.0,0.0,14334.07,0.0,14334.07
RM_0001,East,CL_00188,Retail,TXN_0015170,2026-06-20,2635.26,0.0,0.0,4631.52,0.0,0.0,0.0,0.0,2635.26,4631.52,7266.78
RM_0027,North,CL_00110,Retail,TXN_0015171,2026-06-20,0.0,0.0,10164.26,2177.04,0.0,0.0,0.0,0.0,10164.26,2177.04,12341.3
RM_0001,East,CL_00463,Retail,TXN_0015172,2026-06-20,17733.53,0.0,0.0,20312.47,0.0,0.0,15028.88,0.0,32762.41,20312.47,53074.88
RM_0040,Central,CL_00571,HNI,TXN_0015173,2026-06-20,0.0,0.0,0.0,12576.33,0.0,0.0,0.0,0.0,0.0,12576.33,12576.33
RM_0039,East,CL_00802,HNI,TXN_0015174,2026-06-20,0.0,9965.68,0.0,0.0,14680.08,0.0,0.0,0.0,0.0,24645.76,24645.76
RM_0008,South,CL_00019,Retail,TXN_0015175,2026-06-20,0.0,0.0,0.0,0.0,16567.32,0.0,0.0,0.0,0.0,16567.32,16567.32
RM_0049,East,CL_00410,Retail,TXN_0015176,2026-06-20,0.0,16932.47,0.0,4148.6,0.0,0.0,0.0,0.0,0.0,21081.07,21081.07
RM_0039,East,CL_00821,Ultra HNI,TXN_0015177,2026-06-20,7131.43,12571.45,0.0,0.0,18184.69,0.0,15311.47,0.0,22442.9,30756.14,53199.04
RM_0002,North,CL_00575,HNI,TXN_0015178,2026-06-20,0.0,7353.42,0.0,6280.25,0.0,0.0,0.0,0.0,0.0,13633.67,13633.67
RM_0043,Central,CL_00579,Retail,TXN_0015179,2026-06-20,0.0,0.0,0.0,11925.77,0.0,5174.09,0.0,0.0,5174.09,11925.77,17099.86
RM_0033,West,CL_00472,Ultra HNI,TXN_0015180,2026-06-20,0.0,21150.37,0.0,0.0,2919.37,0.0,632.33,0.0,632.33,24069.74,24702.07
RM_0015,West,CL_00735,Ultra HNI,TXN_0015181,2026-06-20,0.0,1602.35,0.0,0.0,0.0,0.0,0.0,9317.92,0.0,10920.27,10920.27
RM_0039,East,CL_00470,Retail,TXN_0015182,2026-06-20,0.0,7989.12,21695.03,0.0,0.0,0.0,17628.73,0.0,39323.76,7989.12,47312.88
RM_0039,East,CL_00821,Ultra HNI,TXN_0015183,2026-06-20,0.0,0.0,18829.55,829.6,0.0,19796.38,0.0,14290.93,38625.93,15120.53,53746.46
RM_0058,West,CL_00756,HNI,TXN_0015184,2026-06-20,12809.54,10112.68,0.0,0.0,10867.89,0.0,8515.94,0.0,21325.48,20980.57,42306.05
RM_0049,East,CL_00766,HNI,TXN_0015185,2026-06-20,0.0,14212.79,0.0,8685.62,7297.67,0.0,3208.07,0.0,3208.07,30196.08,33404.15
RM_0001,East,CL_00683,Retail,TXN_0015186,2026-06-20,0.0,10458.75,0.0,0.0,0.0,0.0,11529.39,0.0,11529.39,10458.75,21988.14
RM_0039,East,CL_00025,HNI,TXN_0015187,2026-06-20,0.0,0.0,0.0,0.0,0.0,0.0,7730.19,0.0,7730.19,0.0,7730.19
RM_0035,North,CL_00297,Retail,TXN_0015188,2026-06-20,9559.03,6731.13,0.0,0.0,0.0,0.0,0.0,0.0,9559.03,6731.13,16735.77
RM_0045,East,CL_00510,HNI,TXN_0015189,2026-06-20,0.0,0.0,0.0,14718.38,0.0,839.22,0.0,0.0,839.22,14718.38,15617.49
RM_0058,West,CL_00021,HNI,TXN_0015190,2026-06-20,0.0,0.0,0.0,8517.13,0.0,0.0,3742.63,0.0,3742.63,8517.13,12259.76
RM_0033,West,CL_00701,Retail,TXN_0015191,2026-06-20,0.0,0.0,0.0,16766.94,11985.44,0.0,11112.85,17834.41,11112.85,46586.79,57699.64
RM_0012,East,CL_00593,Corporate,TXN_0015192,2026-06-20,0.0,0.0,0.0,14486.73,12249.9,0.0,18174.89,0.0,18174.89,26736.63,44911.52
RM_0037,South,CL_00113,Retail,TXN_0015193,2026-06-20,0.0,0.0,0.0,9914.98,0.0,0.0,0.0,0.0,0.0,9914.98,9914.98
RM_0017,East,CL_00469,Retail,TXN_0015194,2026-06-20,0.0,0.0,0.0,0.0,13084.28,0.0,0.0,0.0,0.0,13084.28,13084.28
RM_0040,Central,CL_00787,Ultra HNI,TXN_0015195,2026-06-20,0.0,0.0,0.0,19074.05,11423.75,1370.45,0.0,0.0,1370.45,30497.8,31868.25
RM_0033,West,CL_00315,Retail,TXN_0015196,2026-06-20,0.0,15351.62,20554.22,0.0,0.0,0.0,0.0,7052.38,20554.22,22404.0,42958.22
RM_0027,North,CL_00224,HNI,TXN_0015197,2026-06-20,16715.76,0.0,0.0,0.0,0.0,0.0,19254.02,0.0,35969.78,0.0,35969.78
RM_0033,West,CL_00071,Ultra HNI,TXN_0015198,2026-06-20,0.0,0.0,0.0,0.0,0.0,13434.22,9462.73,10701.95,22896.95,10701.95,33598.9
RM_0001,East,CL_00803,HNI,TXN_0015199,2026-06-20,0.0,0.0,0.0,10803.76,0.0,18396.51,19251.34,0.0,37647.85,10803.76,48451.61
RM_0028,South,CL_00712,Retail,TXN_0015200,2026-06-20,11755.03,0.0,0.0,19162.21,0.0,0.0,0.0,0.0,11755.03,19162.21,30917.24
RM_0043,Central,CL_00856,HNI,TXN_0015201,2026-06-20,0.0,0.0,0.0,0.0,0.0,0.0,0.0,11878.81,0.0,11878.81,11878.81
RM_0039,East,CL_00704,HNI,TXN_0015202,2026-06-20,3376.96,0.0,862.7,0.0,17512.05,6026.67,0.0,0.0,10266.33,17512.05,27778.38
RM_0021,North,CL_00303,Retail,TXN_0015203,2026-06-20,4101.39,3569.96,0.0,0.0,0.0,21044.66,0.0,0.0,25146.05,3569.96,28716.01
RM_0056,North,CL_00369,Retail,TXN_0015204,2026-06-20,0.0,0.0,14225.73,0.0,12799.94,0.0,0.0,8468.03,14225.73,21267.97,35493.7
RM_0028,South,CL_00636,Retail,TXN_0015205,2026-06-20,0.0,0.0,0.0,6142.92,0.0,0.0,0.0,5614.83,0.0,11757.75,11757.75
RM_0047,Central,CL_00017,Retail,TXN_0015206,2026-06-20,6372.91,634.78,0.0,0.0,3719.62,0.0,0.0,0.0,6372.91,4354.4,10727.31
RM_0017,East,CL_00604,Retail,TXN_0015207,2026-06-20,18127.29,0.0,0.0,0.0,2597.77,0.0,0.0,8992.44,18127.29,11590.21,29717.5
RM_0045,,CL_00411,HNI,TXN_0015208,2026-06-20,0.0,8704.06,0.0,7022.56,0.0,0.0,13732.68,2463.33,13732.68,18189.95,31922.63
RM_0041,North,CL_00150,Retail,TXN_0015209,2026-06-20,15888.29,0.0,17210.1,0.0,0.0,0.0,0.0,0.0,33098.39,0.0,33098.39
RM_0039,East,CL_00802,HNI,TXN_0015210,2026-06-20,0.0,13296.32,0.0,0.0,0.0,0.0,5871.71,0.0,5871.71,13296.32,19168.03
RM_0006,East,CL_00471,Retail,TXN_0015211,2026-06-20,17938.24,0.0,0.0,7412.06,0.0,0.0,0.0,0.0,17938.24,7412.06,25350.3
RM_0010,Central,CL_00031,Retail,TXN_0015212,2026-06-20,14210.74,0.0,0.0,0.0,0.0,0.0,0.0,0.0,14210.74,0.0,14210.74
RM_0004,South,CL_00418,HNI,TXN_0015213,2026-06-20,13718.79,21911.18,0.0,0.0,0.0,18080.3,20077.28,0.0,51876.37,21911.18,73787.55
RM_0008,South,CL_00849,HNI,TXN_0015214,2026-06-20,0.0,0.0,5696.51,0.0,0.0,0.0,0.0,0.0,5696.51,0.0,5696.51
RM_0015,West,CL_00792,HNI,TXN_0015215,2026-06-20,11184.44,20162.08,0.0,2479.94,0.0,0.0,0.0,0.0,11184.44,22642.02,33826.46
RM_0052,West,CL_00763,Retail,TXN_0015216,2026-06-20,0.0,0.0,0.0,19520.97,0.0,0.0,696.53,0.0,696.53,19520.97,20420.9
RM_0017,East,CL_00373,Corporate,TXN_0015217,2026-06-20,0.0,0.0,13085.36,0.0,0.0,0.0,0.0,0.0,13085.36,0.0,13085.36
RM_0027,North,CL_00331,Retail,TXN_0015218,2026-06-20,2986.99,0.0,0.0,6218.43,12722.83,0.0,0.0,0.0,2986.99,18941.26,21928.25
RM_0040,Central,CL_00629,Retail,TXN_0015219,2026-06-20,3399.79,0.0,0.0,3204.51,0.0,0.0,0.0,12604.81,3399.79,15809.32,19209.11
RM_0037,South,CL_00867,HNI,TXN_0015220,2026-06-20,0.0,0.0,0.0,12756.85,14361.0,0.0,0.0,5250.82,0.0,32368.67,32368.67
RM_0017,East,CL_00486,Ultra HNI,TXN_0015221,2026-06-20,7194.79,0.0,0.0,14580.2,0.0,0.0,0.0,0.0,7194.79,14580.2,21774.99
RM_0028,South,CL_00524,Corporate,TXN_0015222,2026-06-20,16758.54,0.0,0.0,0.0,0.0,0.0,0.0,18309.99,16758.54,18309.99,35068.53
RM_0049,East,CL_00094,Retail,TXN_0015223,2026-06-20,0.0,12047.64,5770.19,0.0,0.0,21028.64,3093.61,0.0,29892.44,12047.64,41940.08
RM_0001,East,CL_00783,HNI,TXN_0015224,2026-06-20,14738.88,3034.73,0.0,0.0,2172.74,0.0,0.0,0.0,14738.88,5207.47,19946.35
RM_0060,Central,CL_00739,Retail,TXN_0015225,2026-06-20,0.0,21984.26,0.0,0.0,0.0,21565.0,0.0,14341.5,21565.0,36325.76,57890.76
RM_0002,North,CL_00433,Retail,TXN_0015226,2026-06-20,0.0,2904.99,12364.49,0.0,0.0,0.0,19277.28,4387.0,31641.77,7291.99,38933.76
RM_0049,East,CL_00176,Retail,TXN_0015227,2026-06-20,0.0,0.0,0.0,0.0,0.0,2255.73,0.0,15474.33,2255.73,15474.33,17730.06
RM_0057,West,CL_00382,HNI,TXN_0015228,2026-06-20,16762.46,12203.53,0.0,0.0,0.0,0.0,0.0,0.0,16762.46,12203.53,28965.99
RM_0027,North,CL_00087,Retail,TXN_0015229,2026-06-20,14569.81,0.0,4759.44,0.0,0.0,18936.87,0.0,0.0,38266.12,0.0,38266.12
RM_0012,East,CL_00713,Retail,TXN_0015230,2026-06-20,0.0,4818.81,0.0,0.0,12425.55,0.0,0.0,0.0,0.0,17244.36,17244.36
RM_0010,Central,CL_00625,Retail,TXN_0015231,2026-06-20,14837.6,0.0,15594.97,0.0,17854.37,9290.98,0.0,0.0,39723.55,17854.37,57577.92
RM_0047,Central,CL_00769,Retail,TXN_0015232,2026-06-20,12075.04,0.0,0.0,0.0,0.0,2218.3,0.0,16842.09,14293.34,16842.09,31135.43
RM_0016,East,CL_00734,HNI,TXN_0015233,2026-06-20,0.0,21450.28,0.0,8852.95,0.0,0.0,0.0,0.0,0.0,30303.23,30303.23
RM_0015,West,CL_00726,Retail,TXN_0015234,2026-06-20,0.0,6540.01,0.0,0.0,0.0,0.0,14607.14,0.0,14607.14,6540.01,21147.15
RM_0043,Central,CL_00422,Retail,TXN_0015235,2026-06-20,4513.24,0.0,0.0,0.0,0.0,13485.2,0.0,0.0,17998.44,0.0,17998.44
RM_0037,South,CL_00364,Retail,TXN_0015236,2026-06-20,0.0,16779.2,11495.1,0.0,0.0,11661.25,0.0,0.0,23156.35,16779.2,39935.55
RM_0053,North,CL_00249,Retail,TXN_0015237,2026-06-20,6772.02,0.0,0.0,0.0,0.0,0.0,0.0,0.0,6772.02,0.0,6772.02
RM_0017,East,CL_00016,HNI,TXN_0015238,2026-06-20,0.0,0.0,15663.42,0.0,0.0,10717.41,0.0,7900.05,26380.83,7900.05,34280.88
RM_0027,North,CL_00503,HNI,TXN_0015239,2026-06-20,0.0,0.0,0.0,0.0,0.0,0.0,20102.43,0.0,20102.43,0.0,20102.43
RM_0053,North,CL_00585,Corporate,TXN_0015240,2026-06-20,0.0,6140.86,0.0,1720.74,0.0,17319.7,0.0,0.0,17319.7,7861.6,25181.3
RM_0031,North,CL_00247,Retail,TXN_0015241,2026-06-20,0.0,0.0,4921.7,1714.21,0.0,11840.77,2411.9,0.0,19174.37,1714.21,20888.58
RM_0006,East,CL_00182,Ultra HNI,TXN_0015242,2026-06-20,0.0,0.0,0.0,13606.33,0.0,0.0,0.0,0.0,0.0,13606.33,13606.33
RM_0017,East,CL_00016,HNI,TXN_0015243,2026-06-20,0.0,0.0,14928.23,0.0,0.0,0.0,0.0,11369.54,14928.23,11369.54,26297.77
RM_0006,,CL_00780,Ultra HNI,TXN_0015244,2026-06-20,3037.58,0.0,9508.31,0.0,0.0,0.0,0.0,0.0,12545.89,0.0,12545.89
RM_0057,West,CL_00329,HNI,TXN_0015245,2026-06-20,0.0,0.0,0.0,18373.84,0.0,0.0,0.0,0.0,0.0,18373.84,18373.84
RM_0021,North,CL_00444,HNI,TXN_0015246,2026-06-20,0.0,0.0,0.0,0.0,985.05,0.0,0.0,9163.18,0.0,10148.23,10148.23
RM_0049,East,CL_00653,Retail,TXN_0015247,2026-06-20,13875.89,0.0,0.0,0.0,0.0,0.0,21539.2,0.0,35415.09,0.0,35415.09
RM_0041,North,CL_00169,Retail,TXN_0015248,2026-06-20,0.0,14811.76,0.0,0.0,0.0,893.1,0.0,0.0,893.1,14811.76,15704.86
RM_0035,North,CL_00297,Retail,TXN_0015249,2026-06-20,0.0,801.88,0.0,0.0,1695.12,18025.88,0.0,0.0,18025.88,2497.0,20522.88
RM_0015,West,CL_00720,Retail,TXN_0015250,2026-06-20,0.0,6302.94,0.0,12364.46,0.0,17846.28,0.0,2362.12,17846.28,21029.52,38875.8
RM_0058,West,CL_00756,HNI,TXN_0015251,2026-06-20,0.0,0.0,4080.03,0.0,6715.92,0.0,0.0,0.0,4080.03,6715.92,10795.95
RM_0049,East,CL_00894,Retail,TXN_0015252,2026-06-20,0.0,0.0,6775.92,0.0,0.0,0.0,0.0,11166.07,6775.92,11166.07,17941.99
RM_0015,West,CL_00877,Ultra HNI,TXN_0015253,2026-06-20,5493.2,0.0,0.0,0.0,0.0,0.0,0.0,0.0,5493.2,0.0,5493.2
RM_0039,East,CL_00826,Ultra HNI,TXN_0015254,2026-06-20,0.0,19078.64,0.0,11138.75,0.0,0.0,0.0,0.0,0.0,30217.39,30217.39
RM_0033,West,CL_00174,Retail,TXN_0015255,2026-06-20,21225.69,10350.79,0.0,9006.24,3535.02,0.0,0.0,0.0,21225.69,22892.05,44117.74
RM_0039,East,CL_00771,Retail,TXN_0015256,2026-06-20,0.0,10073.06,0.0,0.0,19190.99,17586.19,0.0,13389.88,17586.19,42653.93,60240.12
RM_0006,East,CL_00553,Retail,TXN_0015257,2026-06-20,0.0,5832.03,6196.72,0.0,9357.96,0.0,0.0,3312.32,6196.72,18502.31,24699.03
RM_0011,Central,CL_00343,Retail,TXN_0015258,2026-06-20,0.0,9642.88,0.0,14428.31,21152.16,17536.11,0.0,0.0,17536.11,45223.35,62759.46
RM_0022,North,CL_00026,HNI,TXN_0015259,2026-06-20,0.0,13749.88,18620.92,2694.76,19321.71,0.0,0.0,0.0,18620.92,35766.35,54387.27
RM_0016,East,CL_00321,Retail,TXN_0015260,2026-06-20,0.0,7142.66,0.0,0.0,1728.91,0.0,0.0,0.0,0.0,8871.57,8871.57
RM_0008,South,CL_00442,Retail,TXN_0015261,2026-06-20,0.0,11281.66,0.0,0.0,8415.51,4320.41,0.0,20289.53,4320.41,39986.7,44307.11
RM_0033,West,CL_00132,HNI,TXN_0015262,2026-06-20,0.0,12700.2,0.0,0.0,7639.01,0.0,4735.55,13351.99,4735.55,33691.2,38426.75
RM_0043,Central,CL_00197,Ultra HNI,TXN_0015263,2026-06-20,0.0,0.0,0.0,14178.78,21647.51,8756.59,0.0,0.0,8756.59,35826.29,44582.88
RM_0049,East,CL_00609,Retail,TXN_0015264,2026-06-20,0.0,0.0,0.0,20635.32,8737.68,0.0,14034.14,0.0,14034.14,29373.0,43407.14
RM_0049,East,CL_00166,Retail,TXN_0015265,2026-06-20,0.0,0.0,12314.03,21934.09,18119.58,0.0,0.0,19690.69,12314.03,59744.36,72058.39
RM_0049,East,CL_00166,Retail,TXN_0015266,2026-06-20,0.0,0.0,17674.67,14490.2,17633.11,17149.44,0.0,0.0,34824.11,32123.31,66947.42
RM_0015,West,CL_00763,Retail,TXN_0015267,2026-06-20,0.0,0.0,0.0,10239.41,0.0,0.0,0.0,0.0,0.0,10239.41,10239.41
RM_0043,Central,CL_00033,Retail,TXN_0015268,2026-06-20,0.0,3282.95,0.0,0.0,0.0,0.0,9195.67,0.0,9195.67,3282.95,12478.62
RM_0022,North,CL_00775,HNI,TXN_0015269,2026-06-20,16673.07,0.0,0.0,0.0,7448.18,4867.54,0.0,0.0,21540.61,7448.18,28988.79
RM_0053,North,CL_00753,HNI,TXN_0015270,2026-06-20,2570.98,10995.02,0.0,14173.67,0.0,0.0,12635.86,0.0,15206.84,25168.69,40375.53
RM_0022,North,CL_00026,HNI,TXN_0015271,2026-06-20,0.0,0.0,0.0,0.0,0.0,3742.38,17347.43,0.0,21089.81,0.0,21089.81
RM_0017,East,CL_00317,Retail,TXN_0015272,2026-06-20,5828.76,14961.44,15365.39,11117.05,0.0,0.0,0.0,0.0,21194.15,26078.49,47629.59
RM_0039,East,CL_00704,HNI,TXN_0015273,2026-06-20,0.0,16370.45,13064.83,0.0,0.0,0.0,0.0,0.0,13064.83,16370.45,29435.28
RM_0012,East,CL_00893,Retail,TXN_0015274,2026-06-20,0.0,5084.18,0.0,0.0,0.0,11882.75,0.0,0.0,11882.75,5084.18,16966.93
RM_0022,North,CL_00649,Retail,TXN_0015275,2026-06-20,0.0,0.0,5778.12,0.0,0.0,0.0,0.0,0.0,5778.12,0.0,5778.12
RM_0002,North,CL_00618,Retail,TXN_0015276,2026-06-20,0.0,0.0,0.0,1751.04,0.0,0.0,0.0,11654.62,0.0,13405.66,13405.66
RM_0002,North,CL_00171,Retail,TXN_0015277,2026-06-20,2940.7,0.0,0.0,7300.92,21086.34,0.0,2625.25,0.0,5565.95,28387.26,33953.21
RM_0022,North,CL_00664,Retail,TXN_0015278,2026-06-20,0.0,17671.28,0.0,0.0,0.0,0.0,0.0,8119.94,0.0,25791.22,25791.22
RM_0041,North,CL_00379,Ultra HNI,TXN_0015279,2026-06-20,0.0,15693.4,0.0,0.0,0.0,0.0,15403.91,0.0,15403.91,15693.4,31097.31
RM_0004,South,CL_00810,HNI,TXN_0015280,2026-06-20,15812.78,21842.28,0.0,0.0,0.0,0.0,0.0,19656.9,15812.78,41499.18,57311.96
RM_0035,North,CL_00817,Retail,TXN_0015281,2026-06-20,0.0,0.0,0.0,0.0,9005.35,0.0,0.0,0.0,0.0,9005.35,9005.35
RM_0056,,CL_00236,HNI,TXN_0015282,2026-06-20,0.0,8086.45,0.0,0.0,8637.28,0.0,0.0,0.0,0.0,16723.73,16723.73
RM_0058,West,CL_00574,Retail,TXN_0015283,2026-06-20,0.0,0.0,0.0,12281.45,0.0,0.0,0.0,0.0,0.0,12281.45,12281.45
RM_0027,North,CL_00502,HNI,TXN_0015284,2026-06-20,5841.81,0.0,0.0,13844.53,0.0,2463.91,0.0,0.0,8305.72,13844.53,22150.25
RM_0052,West,CL_00530,Retail,TXN_0015285,2026-06-20,0.0,0.0,0.0,0.0,0.0,0.0,19636.85,0.0,19636.85,0.0,19636.85
RM_0006,East,CL_00012,HNI,TXN_0015286,2026-06-20,0.0,0.0,0.0,17142.65,0.0,0.0,0.0,0.0,0.0,17142.65,17142.65
RM_0037,South,CL_00113,Retail,TXN_0015287,2026-06-20,0.0,0.0,0.0,0.0,0.0,6384.9,0.0,0.0,6384.9,0.0,6384.9
RM_0040,Central,CL_00715,Ultra HNI,TXN_0015288,2026-06-20,0.0,0.0,10879.21,0.0,11556.86,0.0,2849.24,19575.84,13728.45,31132.7,44861.15
RM_0045,East,CL_00312,Retail,TXN_0015289,2026-06-20,0.0,0.0,10285.42,0.0,8467.04,0.0,0.0,0.0,10285.42,8467.04,18752.46
RM_0021,North,CL_00697,Retail,TXN_0015290,2026-06-20,0.0,0.0,0.0,15059.8,0.0,0.0,0.0,0.0,0.0,15059.8,15059.8
RM_0017,East,CL_00317,Retail,TXN_0015291,2026-06-20,0.0,0.0,0.0,17985.13,0.0,0.0,4958.65,0.0,4958.65,17985.13,22943.78
RM_0017,East,CL_00759,HNI,TXN_0015292,2026-06-20,0.0,21514.83,0.0,0.0,0.0,0.0,3541.12,0.0,3541.12,21514.83,25055.95
RM_0006,East,CL_00520,HNI,TXN_0015293,2026-06-20,0.0,0.0,6908.42,0.0,0.0,5813.48,0.0,0.0,12721.9,0.0,12721.9
RM_0043,Central,CL_00160,HNI,TXN_0015294,2026-06-20,0.0,17104.7,0.0,0.0,0.0,0.0,0.0,0.0,0.0,17104.7,17104.7
RM_0004,South,CL_00210,HNI,TXN_0015295,2026-06-20,0.0,0.0,0.0,16900.09,4755.18,0.0,0.0,0.0,0.0,21655.27,21655.27
RM_0006,East,CL_00780,Ultra HNI,TXN_0015296,2026-06-20,13598.83,0.0,0.0,0.0,18458.82,0.0,1957.22,0.0,15556.05,18458.82,34014.87
RM_0021,North,CL_00223,Retail,TXN_0015297,2026-06-20,0.0,0.0,1442.05,813.87,0.0,0.0,8485.95,0.0,9928.0,813.87,10741.87
RM_0028,South,CL_00045,Retail,TXN_0015298,2026-06-20,9648.58,0.0,0.0,0.0,0.0,4333.05,7817.47,11656.13,21799.1,11656.13,33455.23
RM_0002,North,CL_00479,Corporate,TXN_0015299,2026-06-20,0.0,20454.99,2592.8,0.0,0.0,0.0,0.0,0.0,2592.8,20454.99,23047.79
RM_0049,East,CL_00279,Retail,TXN_0015300,2026-06-20,0.0,4174.17,0.0,0.0,0.0,0.0,18082.37,0.0,18082.37,4174.17,22256.54
RM_0022,North,CL_00417,Retail,TXN_0015301,2026-06-20,15947.71,8770.23,0.0,0.0,0.0,0.0,8336.28,0.0,24283.99,8770.23,33054.22
RM_0033,West,CL_00588,Retail,TXN_0015302,2026-06-20,0.0,0.0,14644.29,0.0,9692.66,0.0,4031.3,0.0,18675.59,9692.66,28368.25
RM_0053,North,CL_00249,Retail,TXN_0015303,2026-06-20,0.0,4041.48,17785.15,0.0,19539.12,5081.62,0.0,0.0,22866.77,23580.6,46447.37
RM_0049,East,CL_00214,Retail,TXN_0015304,2026-06-20,0.0,0.0,0.0,0.0,0.0,11529.3,0.0,1904.54,11529.3,1904.54,13433.84
RM_0052,West,CL_00731,HNI,TXN_0015305,2026-06-20,0.0,0.0,0.0,0.0,0.0,0.0,18905.28,0.0,18905.28,0.0,18905.28
RM_0004,South,CL_00453,Retail,TXN_0015306,2026-06-20,0.0,2888.84,0.0,0.0,0.0,13664.7,0.0,18008.52,13664.7,20897.36,34562.06
RM_0033,West,CL_00784,HNI,TXN_0015307,2026-06-20,6641.65,10270.8,0.0,0.0,0.0,0.0,0.0,0.0,6641.65,10270.8,16912.45
RM_0027,North,CL_00134,Ultra HNI,TXN_0015308,2026-06-20,0.0,0.0,0.0,16583.66,0.0,0.0,0.0,0.0,0.0,16583.66,16583.66
RM_0028,South,CL_00275,HNI,TXN_0015309,2026-06-20,15353.81,19610.23,0.0,0.0,0.0,0.0,0.0,0.0,15353.81,19610.23,34964.04
RM_0015,West,CL_00846,HNI,TXN_0015310,2026-06-20,0.0,13730.57,702.88,0.0,0.0,0.0,0.0,0.0,702.88,13730.57,14433.45
RM_0054,West,CL_00180,HNI,TXN_0015311,2026-06-20,0.0,17655.98,0.0,0.0,0.0,0.0,0.0,0.0,0.0,17655.98,17655.98
RM_0021,North,CL_00209,Retail,TXN_0015312,2026-06-20,0.0,0.0,14178.3,0.0,1597.61,20840.08,0.0,0.0,35018.38,1597.61,36615.99
RM_0041,North,CL_00128,Retail,TXN_0015313,2026-06-20,0.0,0.0,6754.59,0.0,14888.54,1578.46,14313.42,0.0,22646.47,14888.54,37535.01
RM_0049,East,CL_00817,Retail,TXN_0015314,2026-06-20,0.0,0.0,20278.7,0.0,0.0,21063.37,0.0,0.0,41342.07,0.0,41342.07
RM_0015,West,CL_00726,Retail,TXN_0015315,2026-06-20,11087.03,0.0,14613.63,0.0,0.0,0.0,0.0,0.0,25700.66,0.0,25700.66
RM_0037,South,CL_00445,Retail,TXN_0015316,2026-06-20,0.0,10117.42,0.0,15728.67,0.0,0.0,17558.87,9034.94,17558.87,34881.03,52439.9
RM_0033,,CL_00703,Retail,TXN_0015317,2026-06-20,21715.39,0.0,7284.42,11523.05,0.0,0.0,0.0,9000.9,28999.81,20523.95,49523.76
RM_0027,North,CL_00426,HNI,TXN_0015318,2026-06-20,7128.46,0.0,0.0,0.0,0.0,0.0,0.0,0.0,7128.46,0.0,7128.46
RM_0037,South,CL_00113,Retail,TXN_0015319,2026-06-20,0.0,17788.31,0.0,0.0,0.0,0.0,0.0,13734.99,0.0,31523.3,31523.3
RM_0033,West,CL_00066,Retail,TXN_0015320,2026-06-20,0.0,1266.37,0.0,0.0,0.0,0.0,15447.93,0.0,15447.93,1266.37,16714.3
RM_0044,South,CL_00754,Retail,TXN_0015321,2026-06-20,0.0,11952.12,0.0,0.0,21842.2,0.0,0.0,19096.38,0.0,52890.7,52890.7
RM_0004,South,CL_00168,Corporate,TXN_0015322,2026-06-20,0.0,0.0,0.0,0.0,0.0,0.0,9916.68,0.0,9916.68,0.0,9916.68
RM_0008,South,CL_00743,Retail,TXN_0015323,2026-06-20,16302.17,0.0,2330.4,14714.39,8955.55,0.0,0.0,0.0,18632.57,23669.94,42302.51
RM_0004,South,CL_00661,Retail,TXN_0015324,2026-06-20,0.0,18388.74,0.0,0.0,21699.95,0.0,0.0,0.0,0.0,40088.69,40088.69
RM_0049,East,CL_00410,Retail,TXN_0015325,2026-06-20,1337.91,21009.76,0.0,15652.66,0.0,0.0,1680.69,0.0,3018.6,36662.42,39681.02
RM_0002,North,CL_00084,Ultra HNI,TXN_0015326,2026-06-20,15669.21,0.0,0.0,5232.23,0.0,14250.11,0.0,0.0,29919.32,5232.23,35151.55
RM_0015,West,CL_00437,Retail,TXN_0015327,2026-06-20,0.0,9221.53,0.0,0.0,0.0,16448.9,3757.21,9304.82,20206.11,18526.35,38732.46
RM_0053,North,CL_00220,HNI,TXN_0015328,2026-06-20,0.0,0.0,0.0,0.0,8813.2,6560.86,12794.06,0.0,19354.92,8813.2,28168.12
RM_0049,East,CL_00409,HNI,TXN_0015329,2026-06-20,9818.65,9426.62,0.0,17320.68,18733.7,0.0,0.0,0.0,9818.65,45481.0,55299.65
RM_0028,South,CL_00527,Retail,TXN_0015330,2026-06-20,0.0,0.0,0.0,4670.13,0.0,0.0,17282.72,0.0,17282.72,4670.13,21952.85
RM_0033,West,CL_00837,Retail,TXN_0015331,2026-06-20,0.0,0.0,0.0,19426.27,0.0,0.0,0.0,0.0,0.0,19426.27,19426.27
RM_0002,North,CL_00177,Retail,TXN_0015332,2026-06-20,0.0,0.0,0.0,1878.6,13872.03,0.0,0.0,0.0,0.0,15750.63,15750.63
RM_0043,Central,CL_00153,HNI,TXN_0015333,2026-06-20,0.0,0.0,16789.88,0.0,0.0,0.0,0.0,0.0,16789.88,0.0,16789.88
RM_0004,South,CL_00418,HNI,TXN_0015334,2026-06-20,0.0,0.0,6614.77,0.0,0.0,0.0,0.0,0.0,6614.77,0.0,6614.77
RM_0028,South,CL_00045,Retail,TXN_0015335,2026-06-20,9413.12,0.0,9243.18,15480.15,0.0,0.0,0.0,0.0,18656.3,15480.15,34136.45
RM_0007,,CL_00897,Retail,TXN_0015336,2026-06-20,0.0,10404.41,0.0,5371.25,0.0,0.0,7289.01,0.0,7289.01,15775.66,23064.67
RM_0002,,CL_00084,Ultra HNI,TXN_0015337,2026-06-20,0.0,0.0,8334.47,19605.86,2240.75,12927.86,0.0,0.0,21262.33,21846.61,43108.94
RM_0033,West,CL_00044,HNI,TXN_0015338,2026-06-20,0.0,0.0,0.0,19363.29,0.0,0.0,0.0,0.0,0.0,19363.29,19363.29
RM_0059,Central,CL_00694,Retail,TXN_0015339,2026-06-20,4376.9,0.0,0.0,0.0,0.0,0.0,1956.23,0.0,6333.13,0.0,6333.13
RM_0031,North,CL_00057,Retail,TXN_0015340,2026-06-20,19783.85,9987.3,0.0,0.0,0.0,3321.8,0.0,3404.97,23105.65,13392.27,36497.92
RM_0015,West,CL_00621,Retail,TXN_0015341,2026-06-20,0.0,9493.84,4969.27,0.0,0.0,20131.34,0.0,0.0,25100.61,9493.84,34594.45
RM_0049,East,CL_00279,Retail,TXN_0015342,2026-06-20,6603.34,0.0,0.0,0.0,0.0,21444.81,0.0,0.0,28048.15,0.0,28048.15
RM_0016,East,CL_00321,Retail,TXN_0015343,2026-06-20,0.0,0.0,0.0,0.0,3211.49,0.0,19742.75,0.0,19742.75,3211.49,22954.24
RM_0058,,CL_00652,Retail,TXN_0015344,2026-06-20,0.0,0.0,12872.92,0.0,5597.6,18392.94,2888.51,0.0,34154.37,5597.6,39751.97
RM_0057,West,CL_00686,Retail,TXN_0015345,2026-06-20,0.0,9613.03,0.0,21189.17,18017.83,0.0,0.0,14464.62,0.0,63284.65,63284.65
RM_0015,West,CL_00877,Ultra HNI,TXN_0015346,2026-06-20,7944.85,0.0,0.0,0.0,16748.5,20877.55,0.0,0.0,28822.4,16748.5,45895.07
RM_0015,West,CL_00437,Retail,TXN_0015347,2026-06-20,0.0,0.0,9259.39,12400.12,0.0,0.0,0.0,0.0,9259.39,12400.12,21659.51
RM_0049,East,CL_00166,Retail,TXN_0015348,2026-06-20,12946.16,18416.44,0.0,0.0,0.0,17548.04,0.0,0.0,30494.2,18416.44,48910.64
RM_0040,Central,CL_00154,HNI,TXN_0015349,2026-06-20,0.0,0.0,0.0,0.0,0.0,0.0,8726.82,17108.56,8726.82,17108.56,25835.38
RM_0039,East,CL_00760,HNI,TXN_0015350,2026-06-20,0.0,0.0,16901.78,0.0,0.0,0.0,0.0,3167.54,16901.78,3167.54,20069.32
RM_0015,West,CL_00621,Retail,TXN_0015351,2026-06-20,21749.48,7663.64,0.0,0.0,0.0,0.0,0.0,0.0,21749.48,7663.64,29413.12
RM_0040,Central,CL_00415,HNI,TXN_0015352,2026-06-20,0.0,4493.64,0.0,0.0,0.0,0.0,0.0,15249.49,0.0,19743.13,19743.13
RM_0017,East,CL_00406,Retail,TXN_0015353,2026-06-20,0.0,0.0,0.0,13050.53,0.0,1220.95,0.0,0.0,1220.95,13050.53,14271.48
RM_0033,West,CL_00703,Retail,TXN_0015354,2026-06-20,6028.73,18894.95,0.0,0.0,0.0,5204.0,14612.47,0.0,25845.2,18894.95,44740.15
RM_0012,East,CL_00593,Corporate,TXN_0015355,2026-06-20,0.0,0.0,0.0,0.0,4157.21,3317.75,0.0,0.0,3317.75,4157.21,7474.96
RM_0043,Central,CL_00856,HNI,TXN_0015356,2026-06-20,0.0,20456.01,0.0,0.0,0.0,15437.54,0.0,6957.71,15437.54,27413.72,42851.26
RM_0006,East,CL_00415,HNI,TXN_0015357,2026-06-20,0.0,0.0,0.0,7088.0,0.0,13689.15,0.0,0.0,13689.15,7088.0,21127.84
